type,constrain_id,member_id,member_logic,chain1,residue1_num,residue1_id,atom1,heavy_atom1,chain2,residue2_num,residue2_id,atom2,heavy_atom2,distance,lower_bound,upper_bound
NOE,1,1,.,A,5,ILE,CA,CA,B,5,ILE,CA,CA,4.75,4.65,4.85
NOE,2,1,.,A,5,ILE,H,N,B,4,ASN,O,O,2.3,2.2,2.4
NOE,3,1,.,A,10,GLY,CA,CA,B,10,GLY,CA,CA,4.75,4.65,4.85
NOE,4,1,.,A,11,VAL,O,O,B,12,GLN,H,N,2.3,2.2,2.4
NOE,5,1,.,A,11,VAL,O,O,B,12,GLN,N,N,3.3,3.2,3.4
NOE,6,1,.,B,12,GLN,O,O,A,13,VAL,H,N,2.3,2.2,2.4
NOE,7,1,.,B,12,GLN,O,O,A,13,VAL,N,N,3.3,3.2,3.4
NOE,8,1,.,A,19,LEU,C,C,B,19,LEU,C,C,4.75,4.65,4.85
NOE,9,1,.,A,20,THR,H,N,B,19,LEU,O,O,2.3,2.2,2.4
NOE,10,1,.,A,20,THR,N,N,B,19,LEU,O,O,3.3,3.2,3.4
NOE,11,1,.,A,22,GLN,H,N,B,21,MET,O,O,2.3,2.2,2.4
NOE,12,1,.,A,22,GLN,N,N,B,21,MET,O,O,3.3,3.2,3.4
NOE,13,1,.,A,24,THR,H,N,B,23,GLN,O,O,2.3,2.2,2.4
NOE,14,1,.,A,5,ILE,CD1,CD1,A,12,GLN,CA,CA,5.5,4.0,7.0
NOE,15,1,.,A,9,SER,CA,CA,A,21,MET,CE,CE,5.5,4.0,7.0
NOE,16,1,.,A,9,SER,CB,CB,A,21,MET,CE,CE,5.5,4.0,7.0
NOE,17,1,.,A,9,SER,CB,CB,A,21,MET,CG,CG,5.5,4.0,7.0
NOE,18,1,.,A,9,SER,C,C,A,21,MET,CE,CE,5.5,4.0,7.0
NOE,19,1,.,A,9,SER,CB,CB,A,11,VAL,CA,CA,5.5,4.0,7.0
NOE,20,1,.,A,9,SER,CB,CB,A,11,VAL,CB,CB,5.5,4.0,7.0
NOE,21,1,.,A,9,SER,CB,CB,A,11,VAL,CG#,CG#,5.5,4.0,7.0
NOE,22,1,.,A,9,SER,CA,CA,A,11,VAL,CA,CA,5.5,4.0,7.0
NOE,23,1,.,A,10,GLY,CA,CA,A,7,ASN,C,C,5.5,4.0,7.0
NOE,24,1,.,A,10,GLY,CA,CA,A,7,ASN,CA,CA,5.5,4.0,7.0
NOE,25,1,.,A,10,GLY,CA,CA,A,7,ASN,CB,CB,5.5,4.0,7.0
NOE,26,1,.,A,10,GLY,C,C,A,21,MET,CE,CE,5.5,4.0,7.0
NOE,27,1,.,A,10,GLY,CA,CA,A,21,MET,CG,CG,5.5,4.0,7.0
NOE,28,1,.,A,10,GLY,CA,CA,A,21,MET,CE,CE,5.5,4.0,7.0
NOE,29,1,.,A,11,VAL,CG#,CG#,A,7,ASN,C,C,5.5,4.0,7.0
NOE,30,1,.,A,13,VAL,CB,CB,A,15,ASP,CG,CG,5.5,4.0,7.0
NOE,31,1,.,A,13,VAL,CA,CA,A,15,ASP,CG,CG,5.5,4.0,7.0
NOE,32,1,.,A,13,VAL,CG#,CG#,A,15,ASP,CG,CG,5.5,4.0,7.0
NOE,33,1,.,A,14,GLY,CA,CA,A,12,GLN,CD,CD,5.5,4.0,7.0
NOE,34,1,.,A,16,ASN,CG,CG,A,14,GLY,C,C,5.5,4.0,7.0
NOE,35,1,.,A,13,VAL,N,N,A,14,GLY,C,C,4.5,2.0,7.0
NOE,36,1,.,A,19,LEU,N,N,A,18,TYR,CA,CA,4.5,2.0,7.0
NOE,37,1,.,A,19,LEU,N,N,A,18,TYR,CD#,CD#,4.5,2.0,7.0
NOE,38,1,.,A,19,LEU,N,N,A,18,TYR,CE#,CE#,4.5,2.0,7.0
NOE,39,1,.,A,20,THR,N,N,A,19,LEU,CB,CB,4.5,2.0,7.0
NOE,40,1,.,A,20,THR,N,N,A,19,LEU,CD#,CD#,4.5,2.0,7.0
NOE,41,1,OR,A,9,SER,CB,CB,A,11,VAL,CG#,CG#,5.5,3.0,8.0
NOE,41,2,OR,A,9,SER,CB,CB,A,24,THR,CG2,CG2,5.5,3.0,8.0
NOE,42,1,OR,A,5,ILE,CD1,CD1,A,11,VAL,CG#,CG#,5.5,3.0,8.0
NOE,42,2,OR,A,5,ILE,CD1,CD1,A,13,VAL,CG#,CG#,5.5,3.0,8.0
NOE,43,1,OR,A,13,VAL,CG#,CG#,A,4,ASN,CA,CA,5.5,3.0,8.0
NOE,43,2,OR,A,13,VAL,CG#,CG#,A,15,ASP,CA,CA,5.5,3.0,8.0
NOE,43,3,OR,A,13,VAL,CG#,CG#,A,16,ASN,CA,CA,5.5,3.0,8.0
NOE,44,1,OR,A,13,VAL,CG#,CG#,A,4,ASN,C,C,5.5,4.0,7.0
NOE,44,2,OR,A,3,VAL,CG#,CG#,A,4,ASN,C,C,5.5,4.0,7.0
NOE,45,1,OR,A,13,VAL,CG#,CG#,A,4,ASN,CG,CG,5.5,4.0,7.0
NOE,45,2,OR,A,3,VAL,CG#,CG#,A,4,ASN,CG,CG,5.5,4.0,7.0
NOE,46,1,OR,A,13,VAL,CG#,CG#,A,4,ASN,CB,CB,5.5,4.0,7.0
NOE,46,2,OR,A,3,VAL,CG#,CG#,A,4,ASN,CB,CB,5.5,4.0,7.0
NOE,47,1,OR,A,10,GLY,C,C,A,5,ILE,CG1,CG1,5.5,4.0,7.0
NOE,47,2,OR,A,14,GLY,C,C,A,5,ILE,CG1,CG1,5.5,4.0,7.0
NOE,48,1,OR,A,15,ASP,CA,CA,A,14,GLY,CA,CA,5.5,3.0,8.0
NOE,48,2,OR,A,15,ASP,CA,CA,A,16,ASN,CB,CB,5.5,3.0,8.0
NOE,49,1,OR,A,16,ASN,CB,CB,A,14,GLY,CA,CA,5.5,3.0,8.0
NOE,49,2,OR,A,16,ASN,CB,CB,A,15,ASP,CB,CB,5.5,3.0,8.0
NOE,50,1,OR,A,3,VAL,CA,CA,A,4,ASN,CA,CA,5.5,3.0,8.0
NOE,50,2,OR,A,5,ILE,CA,CA,A,4,ASN,CA,CA,5.5,3.0,8.0
NOE,51,1,OR,A,15,ASP,CA,CA,A,12,GLN,CD,CD,5.5,3.0,8.0
NOE,51,2,OR,A,16,ASN,CA,CA,A,12,GLN,CD,CD,5.5,3.0,8.0
NOE,52,1,OR,A,19,LEU,CG,CG,A,12,GLN,CB,CB,5.5,3.0,8.0
NOE,52,2,OR,A,19,LEU,CG,CG,A,13,VAL,CB,CB,5.5,3.0,8.0
NOE,53,1,OR,A,19,LEU,CD2,CD2,A,12,GLN,CB,CB,5.5,3.0,8.0
NOE,53,2,OR,A,19,LEU,CD2,CD2,A,13,VAL,CB,CB,5.5,3.0,8.0
NOE,54,1,.,B,5,ILE,CA,CA,C,5,ILE,CA,CA,4.75,4.65,4.85
NOE,55,1,.,B,5,ILE,H,N,C,4,ASN,O,O,2.3,2.2,2.4
NOE,56,1,.,B,10,GLY,CA,CA,C,10,GLY,CA,CA,4.75,4.65,4.85
NOE,57,1,.,B,11,VAL,O,O,C,12,GLN,H,N,2.3,2.2,2.4
NOE,58,1,.,B,11,VAL,O,O,C,12,GLN,N,N,3.3,3.2,3.4
NOE,59,1,.,C,12,GLN,O,O,B,13,VAL,H,N,2.3,2.2,2.4
NOE,60,1,.,C,12,GLN,O,O,B,13,VAL,N,N,3.3,3.2,3.4
NOE,61,1,.,B,19,LEU,C,C,C,19,LEU,C,C,4.75,4.65,4.85
NOE,62,1,.,B,20,THR,H,N,C,19,LEU,O,O,2.3,2.2,2.4
NOE,63,1,.,B,20,THR,N,N,C,19,LEU,O,O,3.3,3.2,3.4
NOE,64,1,.,B,22,GLN,H,N,C,21,MET,O,O,2.3,2.2,2.4
NOE,65,1,.,B,22,GLN,N,N,C,21,MET,O,O,3.3,3.2,3.4
NOE,66,1,.,B,24,THR,H,N,C,23,GLN,O,O,2.3,2.2,2.4
